titles,category
"정청래 ""서울 탈환 못해 아프다…결선투표제 공론화 고민할 것""",Politics
"장동혁 ""아쉬운 선거 결과에 송구…책임 외면않고 새 길 찾겠다""",Politics
"""지방 소멸 막겠다"" 국회 떠난 손혜원, 무소속으로 목포시의원 당선",Politics
"與, 서울·대구 등 탈환 실패에 ""민의 무겁게 받아들여""",Politics
"장동혁 '선거불복' 시사..""끝까지 싸울 것""",Politics
"집권 2년 차 李대통령, 차기 총리 정성호·강훈식·한성숙 3인 압축",Politics
"""투표권 침해한 선거 참사""…대학가 '용지 부족 사태' 비판",Politics
"고의숙, 제주 첫 여성 선출직 교육감 ‘이변’",Politics
"추미애 경기지사 당선인, 개혁마다 앞장 선 ‘추다르크’…여성 광역단체장의 길 ‘개척’",Politics
"김정은, 새 핵물질 생산공장 시찰…'당원 역할론' 부각[데일리 북한]",Politics
"이재명의 사람, 장동혁의 사람 동시에 꺾었다",Politics
"[6·3 지선] 친한계 책임론에 張 ""희망 지켜냈다""…국힘, 내홍 수렁으로",Politics
민주당 12곳 가져갔지만…서울 패배에 웃지 못했다,Politics
‘투표용지 부족 사태’ 미스터리… 입 다문 선관위,Politics
"[6·3 지선] 국힘 참패속 오세훈·한동훈 역전승…""보수재건 기회준것""",Politics
초유의 투표용지 ‘품절’…“오세훈 당선 확정 못해”,Politics
'핵 자신감' 치솟은 김정은…시진핑 방북설 속 이례적 '새 핵시설' 공개,Politics
우상호·김남준·김남국 등 청와대 참모 5명 당선…하정우·김병욱 고배,Politics
"한동훈 웃고, 조국 울고...민주, 재보선은 판정패",Politics
"""오세훈 당선에도 재투표 주장하나?""...서울선관위 멱살 잡히기도",Politics
"[당선인 프로필] 문학소년 꿈꾸던 4선 의원…우상호, 고향 강원에 금의환향",Politics
12곳 이겼는데 기쁘지 않다?…기대 못 미친 정청래 성적표,Politics
"""투표용지 대란, 선관위 안이함이 부른 참사... 부정선거 의혹은 무리""",Politics
삭발 정치의 몰락···선거는 패하고 휑한 머리만 남았다,Politics
"잠실7동 투표함 이송 저지 '대치' 중...선관위 ""오세훈 당선 확정 못해""",Politics
"북, 새 핵시설 공개하며 핵보유국 지위 재차 강조…""핵 능력 증가 선전 메시지""",Politics
"1표 차로 갈리고, ‘당선 유력’도 뒤집혔다… 화제의 선거구",Politics
[생생뉴스] 지방선거·보궐선거 결과의 의미와 향후 정국에 미칠 영향은?,Politics
"[뉴스센터] 오세훈, 정원오에 역전극…투표용지 부족 사태 파장",Politics
"북갑 승리 거머쥔 한동훈, 국민의힘으로 복당할까",Politics
"민심 회초리에 고개숙인 여야…민주당 ""아프다"", 국힘 ""경고 겸허히 수용""",Politics
[2026 지선] 野 오세훈·한동훈 생환…與 '정권안정론' 우세 속 독주 제동,Politics
12곳 이겼지만 서울 내줘…민주당 “승리 맞지만 아프다”,Politics
'전재수 시장-한동훈 의원'... 부산 민심 교차투표의 교훈,Politics
"민주당, 서울에서 충격 역전패…12곳 이기고 '화룡점정' 못했다",Politics
‘엎치락뒤치락’ 피말리는 접전…1%p 미만 당락 교차,Politics
잠실 '투표함 대치' 14시간째…시위대 포위에 선관위 관계자 고립도,Politics
경기 기초단체장 ‘민주 19 vs 국힘 12’…요동친 심판론 속 ‘압승·붕괴 없었다’ [오상도의 경기유랑],Politics
"'5선' 오세훈 당선됐지만 민주당, 서울 구청장 17곳 휩쓸었다",Politics
"李, 차기 총리 ‘정성호·강훈식·한성숙’ 고심",Politics
"한동훈, 하정우·박민식 꺾었다…유의동, ‘5파전’서 승리",Politics
"김정은, 새 우라늄 농축시설 시찰…""영변 내 신축공장 추정""(종합2보)",Politics
“서울 재선거” 촉구하던 국힘…오세훈 당선되자 ‘입꾹’,Politics
송영길 “李정부 지지율 활용 못한 지도부 책임”…조승래 “자숙하길”,Politics
울고 싶은 민주당…12곳 이기고도 서울 탈환 실패,Politics
[6·3 지선] 금배지보다 단체장…체급 낮춘 전직 의원들 성패는,Politics
"수입차 판매 절반이 전기차…""테슬라·BYD 질주에 시장 재편 가속""",Economics
"한화에어로, 이틀간 공정 전면 중단하고 안전점검",Economics
증시 활황 타고 전자등록 증권자산 '1경' 돌파,Economics
"스페이스X 공모가 135달러 제시…""시총 2700조원 목표""",Economics
"오세훈號 서울시, 민간 재개발·재건축 속도 높인다",Economics
"美, 12.5% 강제노동 관세 예고…정부 ""이익균형 원칙 훼손 않도록 최선""",Economics
‘페달 오조작’ 사고 5년 새 2배 늘어…70.5% 고령자 운전,Economics
"팀코리아, 4조원 규모 美 FLNG 해양플랜트 사업 수주",Economics
"비트코인, 6만3000달러선까지 내렸다…중동 긴장감·스트래티지 매도 '겹악재' [크립토브리핑]",Economics
"셀트리온, 1000억원 자사주 소각 완료…연내 누적 2조원 목표",Economics
"'우회상장' 면했지만…휴온스그룹, 규제 문턱 넘을까",Economics
"머스크, 세계 첫 ‘조만장자’ 눈앞…스페이스X 기업가치 2700조 도전",Economics
"투자 고수들, 반도체 소부장·로봇 집중 매수…대형주 온기에 소부장 몸값 껑충",Economics
"한동훈 '친정 복귀 초읽기'···장동혁, 사퇴론 일축 ""새 길 찾겠다""",Economics
한성숙 총리설에 기대감 높아지는 중기부 “규제혁신 속도 날 듯” [중기+],Economics
"[단독] “DSR·총량 규제 안 걸려요"" 사내 대출 급증...5년 만에 2배 불어나",Economics
"젠슨 황 이어 TSMC까지…SK 최태원 회장, AI 반도체 동맹 속도",Economics
선거 끝나자 환율 1530원 직행…“1500원대 환율 뉴노멀” 우려,Economics
“미래 성장·수주 경쟁력 자신감”…현대건설 대표이사 자사주 매수 행렬,Economics
"서울 아파트 전세 0.29%↑, 한 주 만에 상승폭 커졌다",Economics
삼성 성과급이 쏘아 올린 공?… 동탄 아파트값 0.60% 역대급 상승,Economics
8개월 만에 국평 1억6500만원 '껑충'…치솟는 동대문 집값,Economics
'반도체의 힘' 동탄 집값 또다시 상승률 1위...과천은 한달만에 하락,Economics
“두 달 만에 2억 뛰었다” 삼전닉스 ‘셔세권’ 동탄 집값 상승 수도권 1위 [부동산360],Economics
[속보]동탄 집값 나홀로 질주…서울 숨고르기에도 0.60% 급등,Economics
外人 5조 이상 팔았다…코스피 1%대 약세,Economics
"서울 아파트 전셋값 오름세, 매매 또 추월…동탄 아파트값 전국 최고 상승[부동산AtoZ]",Economics
서울 아파트값 2주째 0.25%↑…올해 전세 상승률 작년의 6배,Economics
BTS공연 '숙박갑질' 손본다…가격인상 취소시 '요금 200%' 배상,Economics
"반도체 '빚투' 작년보다 3배 불어나…""공포심리 확산 경계""",Economics
"코스피, 장중 약세 지속…코스닥은 2%대 강세",Economics
"‘팀코리아’, 4조원 규모 美 FLNG 해양플랜트 사업 따냈다",Economics
[오후장 체크포인트] 미 국채 10년물 4.5% 근접…미국증시 일제히 하락,Economics
‘필라델피아반도체3배’ 팔고 ‘삼전닉스2배’ 살래,Economics
은행 ELS제재 수위 절반으로 '뚝'…선거 후 '이재명식 금융' 속도조절?,Economics
"KB자산운용 ‘RISE 현대차고정피지컬AI ETF’, 13일 만에 5천 억 돌파",Economics
"[단독]앤스로픽 AI 기술 임원, 16일 네이버 본사 찾는다",Economics
해외계좌 5억원 넘으면 이달 말까지 신고해야…미신고 시 과태료 10%,Economics
“올해만 583% 급등”…일학개미 1픽은 ‘키옥시아’,Economics
"""국감 방어용?""…보수적 잣대에 신생사 추풍낙엽",Economics
"양재역 앞 3룸 월 70만원, '호반써밋 양재' 8일 청약",Economics
'쟁의행위금지' 항고심 앞둔 삼성바이오…'연속공정' 중요성 인정될까,Economics
韓 제약·바이오 상반기 글로벌 기술수출 13조원 돌파,Economics
오세훈 5선·용산구청장도 국힘…용산 8000가구안 힘 받나,Economics
"""中 OLED, 격차 상당""…LGD, 13년 노하우로 게이밍 모니터 공략(종합)",Economics
홈플러스 휴점 37개 점포 결국 폐점...희망퇴직 통보,Economics
치열했던 전현직 리턴매치…통영 시민 선택은 강석주였다,Social
9:8→10:6 ‘진보교육감’ 약진…현역프리미엄 여전,Social
"법원, '李대통령 소년범 주장' 모스 탄 출국금지 유지...""수사 위해 필요""",Social
"[인터뷰] 최현덕 남양주시장 당선인 ""교통혁명 착수""",Social
신천지 이만희 합수본 첫 출석…부축 받으며 '묵묵부답',Social
"경찰, '배우 김수현 명예훼손' 김세의 구속송치",Social
지방선거 선거사범 4191명 단속…흑색선전 33% 최다,Social
"국과수 ""마약 감정 14만건 돌파""…합성대마·케타민 급증",Social
"도성훈 인천교육감 3선 성공...""모든 초교에 기초학력 전담교사 배치""",Social
"대법 ""5.18 피해자 가족 '정신적 피해' 청구권 소멸 안 돼""",Social
"""재선거"" 소리치고 밀치고...잠실7동 투표함 아직도 못 옮겼다",Social
'체급 올리기' 나선 경기도의원들…조용호·이기형 웃었다,Social
'반쪽 승리' 민주당…오만했던 공천이 부른 격전지 참패,Social
초유의 투표용지 부족 사태…재투표·선거무효 가능성은,Social
"이재명, 충북 진천서 도의원 당선…'대통령 아니에요'",Social
"오세훈 당선인 38일만의 복귀 ""못돌아올 수 있다는 생각 잠시 했는데…""",Social
이만희 신천지 총회장 첫 소환조사…국힘 집단 입당 의혹,Social
아들 상견례 앞두고 떠난 아버지…뇌사 장기기증으로 4명에 새 생명 선물,Social
'투표지 부족' 사태 파장…선관위 앞에서도 시위,Social
잠실7동 투표함 이송 아직…16시간째 대치 상황 지속,Social
지선 끝나자마자 칼 빼든 경찰…'선거사범' 4천여 명 적발,Social
조개 캐다 갯벌서 고립된 2명…밀물 덮치기 직전 구조,Social
"추미애, 경기지사 당선…최초 여성 광역단체장(종합)",Social
'8대17'서 '17대 8'로…정반대 된 '서울 구청장' 지형도,Social
"선거일 저녁 선관위 야산 화재…경찰 ""실화 가능성 조사""",Social
"합수본, 신천지 이만희 총회장 첫 소환… 지팡이·흰옷 차림 출석",Social
‘연임 불허’ 청주 표심 이번에도…이장섭 시장 당선자,Social
"“총알받이로 쓰지 마”… 송파구 공무원, ‘투표용지 부족 사태’ 선관위 비판",Social
"22석 중 17석 차지…민주당, '텃밭' 전남 사수했나?",Social
"“기억보다 훨씬 작네”···한국 태생 104세 영국 할머니, 간절히 찾은 ‘색동저고리’와 눈물의 재회",Social
[6·3 지선] 심근경색 딛고 의왕 사수한 김성제…통산 4선,Social
"혼합투약 사망 속출·청소년 ‘브액’ 남용… 대한민국, ‘마약오염국’ 됐다",Social
"초유의 '투표용지 부족' 사태…""위법소지 있지만 무효까진 쉽지 않아""",Social
"'공천 헌금' 구속기소 강선우, 법원에 보석 청구",Social
"'李명예훼손 혐의'모스 탄 교수, 출국정지 유지…법원 집행정지 신청 기각",Social
신천지 이만희 합수본 첫 출석…부축 받으며 '묵묵부답',Social
[단독] “60%도 남는다…투표용지 줄여야” 4년 전 선관위 용역보고서,Social
"5선 오세훈, '닥치고 공급' 탄력…'삶의 질 특별시' 재편도",Social
울산시장 선거 승부 가른 2.99%p…여야 모두 아쉬움만 '가득',Social
'8:17→17:8'…4년 만에 뒤집힌 서울 구청장 지도,Social
"민주당, 대전 권력독점체제 완성…의원직 이어 시장·구청장·지방의회까지 ‘파란 물결’",Social
"'신천지 집단 당원 가입 의혹' 교단 정점 이만희, 합수본 조사 출석",Social
"""극우 난리로 치부…투표용지 부족 사태 조용히 묻힐까 두렵다"" 비난 글",Social
[르포] 투표용지 부족 사태로 커진 ‘부정선거’ 목소리… 선관위 앞 시위대 집결,Social
아버지 이어 24년만에 아들이 당선…충남 태안군수 윤희신 [이색 당선인],Social
"대법, '내란 중요임무' 한덕수 재판부 배당…주심에 오경미 대법관",Social
내일 새벽까지 전국 곳곳 비소식…다음주 중순까지 비교적 선선,Culture
"""우산 챙기세요"" 전국 대부분 소나기·'낮 최고 29도'…여름철 단골 '이 질환', 예방하려면 [오늘 날씨]",Culture
"문체부, 북중미 월드컵 맞아 멕시코서 대규모 K-컬처 축제",Culture
"“강한 냉방 위험하다”… 생명 위협하는 ‘이 질환’, 여름에 조심해야?",Culture
[2시 뉴스 날씨] 밤까지 전국 곳곳 소나기…낮더위 주춤,Culture
"“단백질 많아 아침에 좋아” 선우용여, 매일 먹는다며 추천한 음식은?",Culture
"홈플러스, 37개  점포 결국 폐점…희망퇴직 시행",Culture
암 잡는 CAR-T치료로 신장 이식 거부 반응도 잡았다,Culture
금요일 새벽까지 전국 곳곳 천둥·우박 소나기…다음주 중순까지 선선,Culture
“입에서 왜 배설물 냄새가?” 치과의사들이 지목한 진짜 원인,Culture
토마토가 레모네이드에?…미국 SNS 달군 ‘토마토 레모네이드’ 정체는,Culture
"허남준, ‘고기만’ 먹으며 다이어트 중… 효과 살펴보니?",Culture
"왕실 나온 메건, 40만원 캔들 판매 욕먹는 이유…내로남불 과거 발언",Culture
테슬라·BYD 전기차 공세… 국산차 안방 방어 '흔들',Culture
[날씨] 전국 곳곳에 소나기…돌풍·벼락·우박 주의,Culture
"동래봉생병원, 미래관 오픈으로 36년 만의 새 출발",Culture
"“햇빛 안 보고 3년 지냈다”…16세男, 발작 후 고관절 부러져, 왜?",Culture
"시부모 간병 어쩌나…중년 며느리 vs 시누이-남편, 선택은?",Culture
오늘 저녁까지 전국서 소나기…비 그친 뒤 '선선',Culture
"400만 돌파 '군체' 연상호 ""속편 아닌 게임 구상중...10대 주인공""[인터뷰]",Culture
퇴근길 '비상'…천둥·번개 동반 강한 비 온다,Culture
[날씨] 곳곳에 소나기…낮 되면 대부분 '뚝',Culture
수입차 3대 중 1대는 테슬라…중국산 전기차 존재감 커져,Culture
[뉴스12 날씨] 전국 곳곳 소나기…한낮 30도 안팎,Culture
"지방 많이 들었는데, 혈압을 낮춰준다? 무슨 음식인지 보니",Culture
"돌풍·우박 강한 소나기…다음 주도 더위 주춤, 소낙성 비",Culture
“저당 소스면 마음껏 먹어도 된다?”…살 덜 찌는 원칙 3가지,Culture
내일 새벽까지 전국 곳곳 비소식…다음주 중순까지 비교적 선선,Culture
군산이 주말 여행지로 딱 좋은 이유,Culture
“주식하다 망했다” 박정수 투자 실패…“삼전 8만원에 샀다 500만원 남겨”,Culture
"사유리, 버스·지하철 타야 살 빠진다는데… 효과 있나?",Culture
"스타벅스, 닉네임 변경 제한 무기한 연장…혐오표현 등 논란 차단",Culture
"""잘 키운 딸 시집갔다""…오스코텍, 세비도플레닙을 떠나보낸 이유",Culture
퇴근길 최대 80mm '소나기'...돌풍·천둥·번개 동반 [충북·세종 날씨],Culture
"“삼성전자, 몇억 벌 수 있었는데”…박정수, 주식 투자 실패담 고백",Culture
"일본차 밀리고 중국차 뜨고…BYD, 수입차 시장 4위 '껑충'",Culture
"벨기에, 넘쳐나는 감자 때문에 골머리… 무슨 일?",Culture
사과도 통하지 않았다…스타벅스 논란 2주만에 결제액 107억 감소,Culture
"‘푸바오 동생’ 쌍둥이 판다, 3살 맞아 ‘중국행’ 준비…“시기 협의 중”",Culture
"美 하원, 트럼프 '이란 전쟁' 종결 결의안 채택…공화당 일부 이탈",World
"트럼프 ""이란과 협상 잘 진행 중…이번 주말에라도 합의 가능""",World
"쿠웨이트 국제공항 공격한 이란, 확전 불사하며 휴전 협상판 흔들다",World
"대만총통, 톈안먼사건 37주년 맞아 中 비판…""폭력 억압 안돼""",World
"필리핀, 남중국해 암초에서 새 구조물 발견...조사 착수",World
"미 국무부 ""이스라엘·레바논, 휴전 합의""…헤즈볼라 철수 전제",World
AI발 전력난에 부활한 탄광촌… 첨단 원전 짓는 미 와이오밍 가보니 [르포],World
"美, 나토 전력표서 군용기·군함 뺀다…유럽에 날아든 안보 청구서",World
"우크라 '깜짝' 방문 나토 사무총장 ""러시아 점점 더 절박""(종합)",World
"美국무 ""검열로 톈안먼 사태 과거 지울 수 없어""",World
"균열 드러낸 美·대만, 6·4 톈안먼 사건 놓고선 ‘한목소리’",World
이란 “모든 공격엔 미사일·드론 보복”…쿠웨이트 공습 정당화,World
"공화당서도 반란표… 美 하원, 트럼프 이란전 독주에 ‘전쟁권한 제한’ 제동",World
“이란戰 레드라인 제시한 트럼프…‘미군 사망자 없는 한 전면전 없다’”[1일1트],World
"21명 사망한 인도 호텔 참사...""밀폐된 호텔 '굴뚝'처럼 작용했다""",World
"트럼프, 이란 전면전 꺼려...美 전사자 안 늘면 휴전 유지",World
"이러지도, 저러지도…진퇴양난? ""트럼프 '미군 사망하면 전면전' 언급""",World
"""마취총 쐈는데도 끄떡없다""…후쿠시마 제철소 곰 공격에 4명 부상",World
"""UFO는 마귀 장난""…악마 쫓던 신부의 주장",World
"의회선 '전쟁권 제한' 족쇄, 트럼프는 ""주말 종전 합의"" 마이웨이",World
AI 시대 전력 공급 첨병 미 와이오밍 소형모듈원전(SMR) 건설 현장을 가다,World
휴전에도 불씨 여전...종전 협상의 뇌관 '레바논',World
"“북한·중국 훤히 보이네”…한국 상공에 美 최신예 정찰기 등장, 정체는? [밀리터리+]",World
부(富)는 어디로 흘러갈까…올해 ‘세계 자산 흐름’ 세가지 축은?,World
"[르포]美 최초 SMR, 韓의 손길로...“여기가 미래 에너지 탄생지”",World
"필리핀, 남중국해 암초에서 새 구조물 발견…조사 착수",World
"""트럼프 '이란과 휴전, 미군 전사시 종료''""…현 상황 장기화될듯(종합)",World
"美뱅가드 S&P500 ETF, 업계 첫 1조 달러…""초대형 IPO 앞두고 몸집 불려""",World
AI발 전력난에 부활한 탄광촌… 첨단 원전 짓는 미 와이오밍 가보니 [르포],World
"美가 40년 만에 허가한 미래 원전… “AI 시대 전력난, 답은 SMR에 있다”",World
"[인터뷰] 美테라파워 CEO ""韓 대미투자 프로젝트에 SMR 포함 기대""",World
[르포] AI시대에 美 외딴 시골서 현실화하는 빌 게이츠의 첨단 SMR 구상,World
AI전력 해결사되나…SK이노 손잡은 美차세대 원전 잰걸음,World
브로드컴 충격에 소프트뱅크도 급락...닛케이 1.9% ↓[Asia오전],World
"[영상] 온통 '불바다'…우크라, 왜 1,100㎞ 상트페테르부르크 때렸나",World
야근수당 칼같이 지급했더니…승진 기피하는 日직장인들,World
‘PSG 우승 폭동’ 뒤 프랑스 국민 47% “극우당 대표 지지”,World
"""트럼프 '미군 사망자 없는 한 이란과 전면전 재개 안 해'""",World
"美, 나토 전력표서 군용기·군함 뺀다…유럽에 날아든 안보 청구서",World
금이 美국채 제쳤다…중앙은행들 ‘달러 대안’ 찾기 본격화,World
월드컵 영상에 욱일기 버젓이…결국 고개 숙인 멕시코 유튜버,World
"“잠수함 팔러 간 줄 알았더니”…한국, 캐나다에 수소트럭 공장까지 제안 [밀리터리+]",World
美재무 “엉덩이 걷어차겠다” 했던 펄티 안보수장 되자…“협력 기대”,World
"美-이란, 호르무즈서 국지적 충돌 지속…""미 구축함 타격"" 진위공방",World
"비트코인, 장기보유자도 팔았다…""약세장 끝물 신호?""",World
"美, 韓에 12.5% 추가관세…루비오, 韓정부 태도 '변수' 지적(종합)",World
"SKT, 앤트로픽 AI 보안 프로젝트 참여…'클로드 미토스' 조기 접근권 확보",IT
"수장 되찾은 '기초과학의 요람'…장석복 단장, IBS 제4대 원장 임명",IT
"젠슨 황, 크래프톤 장병규도 만난다...로봇·AI 논의 전망",IT
"정부, OTT ‘티빙’ 개인정보 유출 조사 착수…“2차 피해 주의”",IT
"배경훈 부총리 ""젠슨 황, K-AI 반도체도 살펴봤으면""",IT
"엑스게이트, 국내 최초 'C-ITS 양자내성암호 시범전환 사업' 참여사로 선정",IT
"한미반도체, 컴퓨텍스 첫 참가…차세대 HBM4 장비 공개",IT
"""광복 100주년에 G3 도약""…정부 2045 과학기술 청사진 그린다",IT
"과일 먹던 유인원-고기 먹는 인류 가른 원인, 알고 보니[사이언스 브런치]",IT
"[혁신기업] 엔비디아·델이 동시에 픽한 ‘K-빅테크’…네이버클라우드, 글로벌 AI 주연으로",IT
"""3초면 답변 뚝딱""…韓 상륙 메타 ‘AI 글래스’ 써보니",IT
"""헤이 메타 한마디면 OK""…내 시선과 티키타카하는 'AI 안경'",IT
"14년만의 ‘6월 태풍’ 장미 日 상륙, 우주서 봤더니 [우주서 본 지구]",IT
"유라클 경영진, 자사주 장내 연쇄 매수로 '책임경영' 선포",IT
"[단독] LX세미콘, 현대차 공급망 합류…제네시스향 차세대 ADAS칩 개발 협력",IT
"애플, 비전 프로 접나…차기 애플 CEO, 스마트 안경에 올인",IT
"코인원, 컴투스·한투·OKX 품고 디지털금융 플랫폼 도약 시동",IT
40대도 떠나고 5060만 남았다…'고령화' 된 포털 정치 댓글창 [분석+],IT
"바이오·핵융합·이차전지에 AI 심는다…과기정통부, '과학기술 AI' 개발 착수",IT
티빙 해킹사고로 CI 정보도 빠져나갔다는데…괜찮을까,IT
1조 달러짜리 회사가 두개? '스페이스X' IPO 앞둔 머스크 꿈과 현실 ,IT
"유라클 경영진, 주식 2만8020주 장내매수…AI 전환 자신감",IT
"[현장] 배경훈 부총리 ""독자 AI 완성 위한 핵심 기반 마련""…'K-AI 반도체' 확산 주력",IT
"배경훈 부총리 ""젠슨 황, K-AI 반도체도 살펴봤으면""",IT
"유라클 경영진, 자사주 장내 매수…""AI 기업 전환 자신 있다""",IT
AI 시대에도 결국 화면… 대만서 OLED 미래 경쟁 나선 삼성·LG,IT
"“리벨리온 NPU 적용 수질정화 로봇, 중동서 러브콜”",IT
"“개발, 며칠에서 몇 분 만에”…전 과정 책임지는 'IBM 밥' 韓 출시",IT
“듣는 기기에서 디지털 잇는 포털로”…샥즈가 본 오디오 산업 변곡점,IT
젠슨 황 이어 TSMC 회장도 만난 최태원... AI 칩 공급 동맹 다져,IT
[단독] KT 중고폰 반납 ‘자회사 밀어주기’ 의혹… “더 비싸게 팔 소비자 권리 제한 우려”,IT
"젠슨 황, 韓 로보틱스 생태계에 '엔비디아 AI' 심는다…피지컬 AI 방점",IT
"인텔, 컴퓨텍스 2026서 AI 에이전트·로보틱스 시연",IT
삼성·하이닉스도 앤트로픽 미토스 활용 AI 보안 협력,IT
"비트코인, 또 2% 하락…'우군' 스트래티지 배신 때문?",IT
"젠슨 황, 크래프톤과 회동…피지컬AI·게이밍 협업 논의",IT
"화성 탐사선 ‘메이븐’ 역사 속으로…NASA, 임무종료 선언 [우주로 간다]",IT
"국산 AI반도체 400여억 수출…배경훈 ""엔비디아급 기술력""(종합)",IT
"넥슨 '아크 레이더스', 韓 PC방 무료화에 순위 급등…이용자 몰렸다",IT
"LGD ""1000Hz OLED 간다""…中 추격에 기술격차 자신 [컴퓨텍스 2026]",IT
50세 이하 발병률↑ ‘대장암’…항암제 내성 극복 단서 찾았다,IT
"삼성전자, 삼성헬스 개편...갤럭시워치 신제품 우선 탑재",IT
"국산 AI 반도체, 양산·상용화 본궤도…정부 ""독자 AI 핵심 기반""",IT
"""더 작게, 더 가볍게"" 이노스페이스, '핵심' 액체 메탄 엔진 기술 확보",IT
